Workbook

Sheet RootDataset
A1: Name | B1: Value
A2: @id | B2: ./
A3: @type | B3: [Dataset, RepositoryCollection]
A4: name | B4: LDaCA Tools Catalogue
A5: description | B5: This is a collection listing all the LDaCA tools.
A6: ldac:doi
A7: isRef_author | B7: =Orgs_People!A7 -> https://github.com/Language-Research-Technology
A8: isRef_publisher | B8: https://ror.org/00rqy9422
A9: isRef_license | B9: =License!A2 -> https://creativecommons.org/licenses/by/4.0/
A10: datePublished | B10: 46123
A11: inLanguage | B11: English
A12: ldac:metadataIsPublic | B12: TRUE

Sheet @context
A1: name | B1: @id
A2: ldac | B2: https://w3id.org/ldac/terms#
A3: custom | B3: arcp://name,custom/terms#

Sheet License
A1: @id | B1: @type | C1: name | D1: description | E1: ldac:allowTextIndex | F1: isRef_isPartOf
A2: https://creativecommons.org/licenses/by/4.0/ | B2: ldac:DataReuseLicense | C2: Attribution 4.0 International (CC BY 4.0) | D2: You are free to: Share — copy and redistribute the material in any medium or format. Adapt — remix, transform, and build upon the material for any purpose, even commercially. This license is acceptable for Free Cultural Works. The licensor cannot revoke these freedoms as long as you follow the license terms. | E2: TRUE | F2: ./

Sheet Orgs_People
A1: @id | B1: @type | C1: name
A2: https://ror.org/00rqy9422 | B2: Organization | C2: The University of Queensland
A3: https://ror.org/019wvm592 | B3: Organization | C3: Australian National University
A4: https://ror.org/01ej9dk98 | B4: Organization | C4: The University of Melbourne
A5: https://ror.org/0384j8v12 | B5: Organization | C5: The University of Sydney
A6: https://ror.org/03pnv4752 | B6: Organization | C6: Queensland University of Technology
A7: https://github.com/Language-Research-Technology | B7: Organization | C7: Language Data Commons of Australia
A8: https://github.com/Sydney-Informatics-Hub | B8: Organization | C8: Sydney Informatics Hub
A9: https://github.com/QUT-Digital-Observatory | B9: Organization | C9: Digital Observatory
A10: https://github.com/SLCLADAL/ladal | B10: Organization | C10: Language Technology and Data Analysis Laboratory
A11: https://hass.uq.edu.au/centre-digital-cultures-societies | B11: Organization | C11: Centre for Digital Cultures & Societies
A12: https://orcid.org/0000-0002-1428-2649 | B12: Person | C12: Chao Sun
... A26: https://orcid.org/0000-0003-3237-9943 | B26: Person | C26: Simon Musgrave

Sheet Objects
A1: @id | B1: @type | C1: isRef_conformsTo | D1: isRef_pcdm:memberOf | E1: name | F1: datePublished | G1: .Release Date | H1: .Status | I1: isRef_publisher | J1: isRef_publisher | K1: isRef_publisher | L1: isRef_author | M1: isRef_author | N1: programmingLanguage | O1: url | P1: description | Q1: .Data format required | R1: .User guide/help pages (URL) | S1: creditText | T1: .Short description | U1: .Long description | V1: .Image | W1: .Link to code | X1: .Example use | Y1: .Other Comments
A2: ="arcp://name," & SUBSTITUTE(SUBSTITUTE(SUBSTITUTE(E2, " ", ""), "(", ""), ")", "") -> arcp://name,AnonymisingELANFiles | B2: SoftwareApplication | C2: https://w3id.org/ldac/profile#SoftwareTool | D2: =RootDataset!$B$2 -> ./ | E2: Anonymising ELAN Files | F2: 46123 | I2: =Orgs_People!$A$3 -> https://ror.org/019wvm592 | L2: =Orgs_People!$A$22 -> https://orcid.org/0000-0003-4904-2941 | N2: Python | O2: https://github.com/Supertyp/Anonymising_ELAN_files | P2: Anonymise content of ELAN files | Q2: eaf (ELAN file) | T2: Anonymises the content of ELAN files | W2: https://github.com/Supertyp/Anonymising_ELAN_files
A3: ="arcp://name," & SUBSTITUTE(SUBSTITUTE(SUBSTITUTE(E3, " ", ""), "(", ""), ")", "") -> arcp://name,CollocationAnalyser | B3: SoftwareApplication | C3: https://w3id.org/ldac/profile#SoftwareTool | D3: =RootDataset!$B$2 -> ./ | E3: Collocation Analyser | F3: 46123 | I3: =Orgs_People!$A$2 -> https://ror.org/00rqy9422 | J3: =Orgs_People!$A$10 -> https://github.com/SLCLADAL/ladal | L3: =Orgs_People!$A$16 -> https://orcid.org/0000-0003-1923-9153 | N3: R | O3: https://ladal.edu.au/tools.html#jupyter-tools | P3: Calculates various association measures (collocation statistics) based on textual input and allows you to download the resulting table | Q3: txt | T3: Calculates association measures to identify which words significantly collocate with a target word | W3: https://ladal.edu.au/tools.html#collocation-analyser
A4: ="arcp://name," & SUBSTITUTE(SUBSTITUTE(SUBSTITUTE(E4, " ", ""), "(", ""), ")", "") -> arcp://name,CollocationCalculator | B4: SoftwareApplication | C4: https://w3id.org/ldac/profile#SoftwareTool | D4: =RootDataset!$B$2 -> ./ | E4: CollocationCalculator | F4: 46123 | I4: =Orgs_People!$A$2 -> https://ror.org/00rqy9422 | J4: =Orgs_People!$A$10 -> https://github.com/SLCLADAL/ladal | L4: =Orgs_People!$A$16 -> https://orcid.org/0000-0003-1923-9153 | N4: Browser-based | O4: https://ladal.edu.au/tools.html#shiny-tools | P4: Collocation association measures | Q4: txt | T4: Calculates association measures to identify which words significantly collocate with a target word | W4: https://ladal.edu.au/tools.html#collocationcalculator
A5: ="arcp://name," & SUBSTITUTE(SUBSTITUTE(SUBSTITUTE(E5, " ", ""), "(", ""), ")", "") -> arcp://name,ConcordanceExplorer | B5: SoftwareApplication | C5: https://w3id.org/ldac/profile#SoftwareTool | D5: =RootDataset!$B$2 -> ./ | E5: Concordance Explorer | F5: 46123 | I5: =Orgs_People!$A$2 -> https://ror.org/00rqy9422 | J5: =Orgs_People!$A$10 -> https://github.com/SLCLADAL/ladal | L5: =Orgs_People!$A$16 -> https://orcid.org/0000-0003-1923-9153 | N5: R | O5: https://ladal.edu.au/tools.html#jupyter-tools | P5: Create Keyword-in-Context displays of words or phrases in a single text or collection of texts and to download the resulting table | Q5: txt | T5: Searches for words or phrases and displays them in KWIC (Keyword-in-Context) format | W5: https://ladal.edu.au/tools.html#concordance-explorer
A6: ="arcp://name," & SUBSTITUTE(SUBSTITUTE(SUBSTITUTE(E6, " ", ""), "(", ""), ")", "") -> arcp://name,Concordancer | B6: SoftwareApplication | C6: https://w3id.org/ldac/profile#SoftwareTool | D6: =RootDataset!$B$2 -> ./ | E6: Concordancer | F6: 46123 | H6: Also as part of the new WebApp | I6: =Orgs_People!$A$5 -> https://ror.org/0384j8v12 | J6: =Orgs_People!$A$8 -> https://github.com/Sydney-Informatics-Hub | L6: =Orgs_People!A15 -> https://orcid.org/0000-0002-3616-6235 | N6: Python | O6: https://github.com/Australian-Text-Analytics-Platform/atap_widgets | P6: A concordancer that demos how to analyse turn-taking pairs in a concordancer | Q6: csv, xlsx, plain txt; also zip archive with the supported file formats | R6: https://github.com/Australian-Text-Analytics-Platform/atap_widgets/blob/main/docs/concordance_help_pages.pdf | S6: Bednarek, M., Mather, M., Maras, K., & Croser, H. (2023). ATAP Concordancer (v0.5.4) [Computer software]. https://github.com/Australian-Text-Analytics-Platform/atap_widgets. DOI. https://doi.org/10.5281/zenodo.10086731 | T6: Demonstrates how to analyse turn-taking pairs in a concordancer | V6: concordancer.png | W6: https://github.com/Australian-Text-Analytics-Platform/atap_widgets
A7: ="arcp://name," & SUBSTITUTE(SUBSTITUTE(SUBSTITUTE(E7, " ", ""), "(", ""), ")", "") -> arcp://name,Crate-O | B7: SoftwareApplication | C7: https://w3id.org/ldac/profile#SoftwareTool | D7: =RootDataset!$B$2 -> ./ | E7: Crate-O | F7: 46123 | H7: Maintained | I7: =Orgs_People!A2 -> https://ror.org/00rqy9422 | J7: =Orgs_People!A7 -> https://github.com/Language-Research-Technology | L7: =Orgs_People!A17 -> https://orcid.org/0000-0002-4438-2755 | N7: Browser-based | O7: https://github.com/Language-Research-Technology/crate-o | P7: Browser-based editor for RO Crates | Q7: Various - text, video, audio, image, etc. | R7: https://www.ldaca.edu.au/resources/user-guides/crate-o/ | T7: Allows you to create and update Research Object Crates (RO-Crates) | U7: This browser-based tool allows you to create and update Research Object Crates (RO-Crates), either using the web interface or with metadata from a spreadsheet. RO-Crate is a flexible, developer-friendly approach to linked-data description and packaging. | V7: crate-o.png | W7: https://github.com/Language-Research-Technology/crate-o
A8: ="arcp://name," & SUBSTITUTE(SUBSTITUTE(SUBSTITUTE(E8, " ", ""), "(", ""), ")", "") -> arcp://name,Discursis | B8: SoftwareApplication | C8: https://w3id.org/ldac/profile#SoftwareTool | D8: =RootDataset!$B$2 -> ./ | E8: Discursis | F8: 46123 | I8: =Orgs_People!$A$5 -> https://ror.org/0384j8v12 | J8: =Orgs_People!$A$8 -> https://github.com/Sydney-Informatics-Hub | N8: Python | O8: https://github.com/Australian-Text-Analytics-Platform/discursis | P8: A conversational analysis and visualisation tool | Q8: csv, xlsx | R8: https://raw.githubusercontent.com/Australian-Text-Analytics-Platform/discursis/master/docs/Discursis%20User%20Guide.pdf | S8: Not provided | T8: A conversational analysis and visualisation tool | V8: discursis.png | W8: https://github.com/Australian-Text-Analytics-Platform/discursis | Y8: Based on Angus et al
A9: ="arcp://name," & SUBSTITUTE(SUBSTITUTE(SUBSTITUTE(E9, " ", ""), "(", ""), ")", "") -> arcp://name,DocumentSimilarity | B9: SoftwareApplication | C9: https://w3id.org/ldac/profile#SoftwareTool | D9: =RootDataset!$B$2 -> ./ | E9: Document Similarity | F9: 46123 | H9: Full stack migration planned | I9: =Orgs_People!$A$5 -> https://ror.org/0384j8v12 | J9: =Orgs_People!$A$8 -> https://github.com/Sydney-Informatics-Hub | L9: =Orgs_People!$A$21 -> #SonyJufri | M9: =Orgs_People!$A$12 -> https://orcid.org/0000-0002-1428-2649 | N9: Python | O9: https://github.com/Australian-Text-Analytics-Platform/document-similarity | P9: Identifies identical and similar text in a corpus | Q9: csv, xlsx, plain txt; also zip archive with the supported file formats | R9: https://github.com/Australian-Text-Analytics-Platform/document-similarity/blob/main/documents/docsim-help-pages.pdf | S9: Jufri, Sony & Sun, Chao (2024). Document Similarity. v1.2. Australian Text Analytics Platform. Software. https://github.com/Australian-Text-Analytics-Platform/document-similarity | T9: Identifies identical and similar text in a corpus | V9: document-similarity.png | W9: https://github.com/Australian-Text-Analytics-Platform/document-similarity
A10: ="arcp://name," & SUBSTITUTE(SUBSTITUTE(SUBSTITUTE(E10, " ", ""), "(", ""), ")", "") -> arcp://name,ELANAnnotationSplitter | B10: SoftwareApplication | C10: https://w3id.org/ldac/profile#SoftwareTool | D10: =RootDataset!$B$2 -> ./ | E10: ELAN Annotation Splitter | F10: 46123 | I10: =Orgs_People!$A$3 -> https://ror.org/019wvm592 | L10: =Orgs_People!$A$22 -> https://orcid.org/0000-0003-4904-2941 | N10: Software program | O10: https://github.com/Supertyp/ELAN_apps/ | P10: Allows to split annotations context depending across a folder full of Elan files. This is a standalone desktop appplication for PC and Mac, not a notebook | Q10: eaf (ELAN file) | T10: Allows you to split ELAN annotations | W10: https://github.com/Supertyp/ELAN_apps/
A11: ="arcp://name," & SUBSTITUTE(SUBSTITUTE(SUBSTITUTE(E11, " ", ""), "(", ""), ")", "") -> arcp://name,ELANAudioSegmentation | B11: SoftwareApplication | C11: https://w3id.org/ldac/profile#SoftwareTool | D11: =RootDataset!$B$2 -> ./ | E11: ELAN Audio Segmentation | F11: 46123 | I11: =Orgs_People!$A$3 -> https://ror.org/019wvm592 | L11: =Orgs_People!$A$22 -> https://orcid.org/0000-0003-4904-2941 | N11: Software program | O11: https://github.com/Supertyp/ELAN_apps/ | P11: App which takes a audio or video file as imput and creates a ELAN file with empty annotations wherever a voice is heard in the audio | Q11: wav | T11: Creates an ELAN file with empty annotations wherever a voice is heard in an audio or video file | W11: https://github.com/Supertyp/ELAN_apps/
A12: ="arcp://name," & SUBSTITUTE(SUBSTITUTE(SUBSTITUTE(E12, " ", ""), "(", ""), ")", "") -> arcp://name,ELANCommander | B12: SoftwareApplication | C12: https://w3id.org/ldac/profile#SoftwareTool | D12: =RootDataset!$B$2 -> ./ | E12: ELAN Commander | F12: 46123 | I12: =Orgs_People!$A$3 -> https://ror.org/019wvm592 | L12: =Orgs_People!$A$22 -> https://orcid.org/0000-0003-4904-2941 | N12: Browser-based | O12: https://www.gerlingo.com/ELAN_commander.html | P12: Web application to find unwanted characters in annotations | Q12: eaf (ELAN file) | T12: Finds unwanted characters in ELAN annotations | W12: https://www.gerlingo.com/ELAN_commander.html
A13: ="arcp://name," & SUBSTITUTE(SUBSTITUTE(SUBSTITUTE(E13, " ", ""), "(", ""), ")", "") -> arcp://name,ELANInventory | B13: SoftwareApplication | C13: https://w3id.org/ldac/profile#SoftwareTool | D13: =RootDataset!$B$2 -> ./ | E13: ELAN Inventory | F13: 46123 | I13: =Orgs_People!$A$3 -> https://ror.org/019wvm592 | L13: =Orgs_People!$A$22 -> https://orcid.org/0000-0003-4904-2941 | N13: Browser-based | O13: https://www.gerlingo.com/config_maker.html | P13: Web application to access the inventory of a transcription collection and to create config files to load a collection into ANNIS | Q13: eaf (ELAN file) | T13: Summarises ELAN files and compiles configuration files to create an ANNIS corpus | W13: https://www.gerlingo.com/config_maker.html
A14: ="arcp://name," & SUBSTITUTE(SUBSTITUTE(SUBSTITUTE(E14, " ", ""), "(", ""), ")", "") -> arcp://name,ELANReplacer | B14: SoftwareApplication | C14: https://w3id.org/ldac/profile#SoftwareTool | D14: =RootDataset!$B$2 -> ./ | E14: ELAN Replacer | F14: 46123 | I14: =Orgs_People!$A$3 -> https://ror.org/019wvm592 | L14: =Orgs_People!$A$22 -> https://orcid.org/0000-0003-4904-2941 | N14: Software program | O14: https://github.com/Supertyp/ELAN_apps/ | P14: Allows context depending search and replace functionality across a folder full of elan files. Saves hours of manual work for any spelling changes in transcription. This is a stand alone software application for PC and Mac, not a notebook | Q14: eaf (ELAN file) | T14: Enables context-dependent search and replace functionality across ELAN files | W14: https://github.com/Supertyp/ELAN_apps/
A15: ="arcp://name," & SUBSTITUTE(SUBSTITUTE(SUBSTITUTE(E15, " ", ""), "(", ""), ")", "") -> arcp://name,FileRenamer | B15: SoftwareApplication | C15: https://w3id.org/ldac/profile#SoftwareTool | D15: =RootDataset!$B$2 -> ./ | E15: FileRenamer | F15: 46123 | I15: =Orgs_People!$A$2 -> https://ror.org/00rqy9422 | J15: =Orgs_People!$A$10 -> https://github.com/SLCLADAL/ladal | L15: =Orgs_People!$A$16 -> https://orcid.org/0000-0003-1923-9153 | N15: Browser-based | O15: https://ladal.edu.au/tools.html#shiny-tools | P15: Batch rename plain-text files | Q15: txt | T15: Batch renames plain-text files | W15: https://ladal.edu.au/tools.html#filerenamer
A16: ="arcp://name," & SUBSTITUTE(SUBSTITUTE(SUBSTITUTE(E16, " ", ""), "(", ""), ")", "") -> arcp://name,ImageDatasetExplorer | B16: SoftwareApplication | C16: https://w3id.org/ldac/profile#SoftwareTool | D16: =RootDataset!$B$2 -> ./ | E16: Image Dataset Explorer | F16: 46123 | I16: =Orgs_People!A2 -> https://ror.org/00rqy9422 | J16: =Orgs_People!A11 -> https://hass.uq.edu.au/centre-digital-cultures-societies | K16: =Orgs_People!A7 -> https://github.com/Language-Research-Technology | L16: =Orgs_People!A13 -> https://orcid.org/0009-0008-4603-9521 | M16: =Orgs_People!A20 -> https://orcid.org/0000-0002-1824-2361 | N16: Python | O16: https://github.com/Language-Research-Technology/image-dataset-explorer | P16: Embeds images from a zip file using off the shelf image embeddings, then creates a static HTML visualisation for browsing/exploring clusters and relations | Q16: zip archive with jpeg and/or png files | T16: Embeds images and creates a static HTML visualisation for exploring clusters and relations | U16: This notebook provides options for exploring large image datasets, through the use of K nearest neighbour graphs and other methods. It ingests a zip file containing images, returns a HTML file (giving options for visual exploration of the dataset) and provides some basic visualisations. | V16: image-dataset-explorer.png | W16: https://github.com/Language-Research-Technology/image-dataset-explorer
A17: ="arcp://name," & SUBSTITUTE(SUBSTITUTE(SUBSTITUTE(E17, " ", ""), "(", ""), ")", "") -> arcp://name,KeywordFinder | B17: SoftwareApplication | C17: https://w3id.org/ldac/profile#SoftwareTool | D17: =RootDataset!$B$2 -> ./ | E17: Keyword Finder | F17: 46123 | I17: =Orgs_People!$A$2 -> https://ror.org/00rqy9422 | J17: =Orgs_People!$A$10 -> https://github.com/SLCLADAL/ladal | L17: =Orgs_People!$A$16 -> https://orcid.org/0000-0003-1923-9153 | N17: R | O17: https://ladal.edu.au/tools.html#jupyter-tools | P17: Calculates various keyness measures describing how words are over or under-represented in the texts you provide, compared to your chosen reference text corpus | Q17: txt | T17: Identifies words that are distinctive in a target corpus compared to a reference corpus | W17: https://ladal.edu.au/tools.html#keyword-finder
A18: ="arcp://name," & SUBSTITUTE(SUBSTITUTE(SUBSTITUTE(E18, " ", ""), "(", ""), ")", "") -> arcp://name,KeywordExtractor | B18: SoftwareApplication | C18: https://w3id.org/ldac/profile#SoftwareTool | D18: =RootDataset!$B$2 -> ./ | E18: KeywordExtractor | F18: 46123 | I18: =Orgs_People!$A$2 -> https://ror.org/00rqy9422 | J18: =Orgs_People!$A$10 -> https://github.com/SLCLADAL/ladal | L18: =Orgs_People!$A$16 -> https://orcid.org/0000-0003-1923-9153 | N18: Browser-based | O18: https://ladal.edu.au/tools.html#shiny-tools | P18: Keyness analysis vs. a reference corpus | Q18: txt | T18: Identifies words that are over- or under-represented compared to a reference corpus | W18: https://ladal.edu.au/tools.html#keywordextractor
A19: ="arcp://name," & SUBSTITUTE(SUBSTITUTE(SUBSTITUTE(E19, " ", ""), "(", ""), ")", "") -> arcp://name,KeywordsAnalysis | B19: SoftwareApplication | C19: https://w3id.org/ldac/profile#SoftwareTool | D19: =RootDataset!$B$2 -> ./ | E19: Keywords Analysis | F19: 46123 | H19: Also as part of the new WebApp | I19: =Orgs_People!$A$5 -> https://ror.org/0384j8v12 | J19: =Orgs_People!$A$8 -> https://github.com/Sydney-Informatics-Hub | L19: =Orgs_People!$A$21 -> #SonyJufri | M19: =Orgs_People!$A$12 -> https://orcid.org/0000-0002-1428-2649 | N19: Python | O19: https://github.com/Australian-Text-Analytics-Platform/keywords-analysis | P19: Tool to analyse words in a collection of corpus and identify whether certain words are over or under-represented in a particular corpus compared to their representation in other corpus | Q19: csv, xlsx, plain txt; also zip archive with the supported file formats | R19: https://github.com/Australian-Text-Analytics-Platform/keywords-analysis/blob/main/documents/keywords_help_pages.pdf | S19: Jufri, Sony & Sun, Chao (2022). Keywords Analysis. v1.0. Australian Text Analytics Platform. Software. https://github.com/Australian-Text-Analytics-Platform/keywords-analysis | T19: Analyses words in a collection of corpora and identifies whether certain words are over or under-represented in a particular corpus | V19: keyword-analysis.png | W19: https://github.com/Australian-Text-Analytics-Platform/keywords-analysis
A20: ="arcp://name," & SUBSTITUTE(SUBSTITUTE(SUBSTITUTE(E20, " ", ""), "(", ""), ")", "") -> arcp://name,Lameta | B20: SoftwareApplication | C20: https://w3id.org/ldac/profile#SoftwareTool | D20: =RootDataset!$B$2 -> ./ | E20: Lameta | F20: 46123 | H20: Released | I20: =Orgs_People!A4 -> https://ror.org/01ej9dk98 | L20: =Orgs_People!A14 -> #JohnHatton | M20: =Orgs_People!A18 -> https://orcid.org/0000-0001-8797-1018 | N20: Software program | O20: https://github.com/onset/laMETA/releases, https://lameta.org | P20: Lameta is a metadata tool to help with organising collections of files. It is mainly aimed at collections made in the course of documenting language, music, and other cultural expressions. Lameta greatly simplifies management of collections and makes the archiving process straightforward and painless for field workers. | Q20: Various - text, video, audio, image, ELAN annotation (eaf) | R20: https://www.elararchive.org/uncategorized/SO_7557c4dd-1c83-485c-b95c-c0a292cfc42c/ | S20: Hatton, John, Gary Holton, Mandana Seyfeddinipur, Nick Thieberger. 2021. Lameta [software] https://github.com/onset/laMETA/releases | T20: Allows you to output a Research Object Crate (RO-Crate) from a metadata organising tool | U20: This software program helps with organising collections of files and is mainly aimed at field workers documenting language, music and other cultural expressions. A Research Object Crate (RO-Crate) output option has been added to this tool. RO-Crate is a flexible, developer-friendly approach to linked-data description and packaging. | V20: lameta.png | W20: https://github.com/onset/lameta
A21: ="arcp://name," & SUBSTITUTE(SUBSTITUTE(SUBSTITUTE(E21, " ", ""), "(", ""), ")", "") -> arcp://name,NetworkVisualiser | B21: SoftwareApplication | C21: https://w3id.org/ldac/profile#SoftwareTool | D21: =RootDataset!$B$2 -> ./ | E21: Network Visualiser | F21: 46123 | I21: =Orgs_People!$A$2 -> https://ror.org/00rqy9422 | J21: =Orgs_People!$A$10 -> https://github.com/SLCLADAL/ladal | L21: =Orgs_People!$A$16 -> https://orcid.org/0000-0003-1923-9153 | N21: R | O21: https://ladal.edu.au/tools.html#jupyter-tools | P21: Allows you to generate and download network graphs based on your data | Q21: xlsx | T21: Allows you to create and explore network visualisations | W21: https://ladal.edu.au/tools.html#network-visualiser | Y21: You will need to provide structured data describing the edges and their weights in your network of interest
A22: ="arcp://name," & SUBSTITUTE(SUBSTITUTE(SUBSTITUTE(E22, " ", ""), "(", ""), ")", "") -> arcp://name,Part-of-SpeechTagger | B22: SoftwareApplication | C22: https://w3id.org/ldac/profile#SoftwareTool | D22: =RootDataset!$B$2 -> ./ | E22: Part-of-Speech Tagger | F22: 46123 | I22: =Orgs_People!$A$2 -> https://ror.org/00rqy9422 | J22: =Orgs_People!$A$10 -> https://github.com/SLCLADAL/ladal | L22: =Orgs_People!$A$16 -> https://orcid.org/0000-0003-1923-9153 | N22: R | O22: https://ladal.edu.au/tools.html#jupyter-tools | P22: Add part-of-speech tags to texts or collections of texts in more than 60 languages and download the resulting pos-tagged texts | Q22: txt | T22: Tags parts-of-speech and parses dependencies in 65+ languages | W22: https://ladal.edu.au/tools.html#part-of-speech-tagger
A23: ="arcp://name," & SUBSTITUTE(SUBSTITUTE(SUBSTITUTE(E23, " ", ""), "(", ""), ")", "") -> arcp://name,POSTagger | B23: SoftwareApplication | C23: https://w3id.org/ldac/profile#SoftwareTool | D23: =RootDataset!$B$2 -> ./ | E23: POSTagger | F23: 46123 | I23: =Orgs_People!$A$2 -> https://ror.org/00rqy9422 | J23: =Orgs_People!$A$10 -> https://github.com/SLCLADAL/ladal | L23: =Orgs_People!$A$16 -> https://orcid.org/0000-0003-1923-9153 | N23: Browser-based | O23: https://ladal.edu.au/tools.html#shiny-tools | P23: Part-of-speech tagging & dependency parsing in 65+ languages | Q23: txt | T23: Tags parts-of-speech and parses dependencies in 65+ languages | W23: https://ladal.edu.au/tools.html#postagger
A24: ="arcp://name," & SUBSTITUTE(SUBSTITUTE(SUBSTITUTE(E24, " ", ""), "(", ""), ")", "") -> arcp://name,QuotationTool | B24: SoftwareApplication | C24: https://w3id.org/ldac/profile#SoftwareTool | D24: =RootDataset!$B$2 -> ./ | E24: Quotation Tool | F24: 46123 | H24: Full stack migration in progress | I24: =Orgs_People!$A$5 -> https://ror.org/0384j8v12 | J24: =Orgs_People!$A$8 -> https://github.com/Sydney-Informatics-Hub | L24: =Orgs_People!$A$21 -> #SonyJufri | M24: =Orgs_People!$A$12 -> https://orcid.org/0000-0002-1428-2649 | N24: Python | O24: https://github.com/Australian-Text-Analytics-Platform/quotation-tool | P24: A tool to extract quotes and other useful information from a newspaper article/corpus | Q24: csv, xlsx, plain txt; also zip archive with the supported file formats | R24: https://github.com/Australian-Text-Analytics-Platform/quotation-tool/blob/main/documents/quotation_help_pages.pdf | S24: Jufri, Sony & Sun, Chao (2022). Quotation Tool. v1.0. Australian Text Analytics Platform. Software. https://github.com/Australian-Text-Analytics-Platform/quotation-tool | T24: Extracts quotes and other useful information from a newspaper article or corpus | V24: quotation-tool.png | W24: https://github.com/Australian-Text-Analytics-Platform/quotation-tool
A25: ="arcp://name," & SUBSTITUTE(SUBSTITUTE(SUBSTITUTE(E25, " ", ""), "(", ""), ")", "") -> arcp://name,SemanticTaggerEnglish | B25: SoftwareApplication | C25: https://w3id.org/ldac/profile#SoftwareTool | D25: =RootDataset!$B$2 -> ./ | E25: Semantic Tagger (English) | F25: 46123 | H25: Full stack migration planned | I25: =Orgs_People!$A$5 -> https://ror.org/0384j8v12 | J25: =Orgs_People!$A$8 -> https://github.com/Sydney-Informatics-Hub | L25: =Orgs_People!$A$21 -> #SonyJufri | M25: =Orgs_People!$A$12 -> https://orcid.org/0000-0002-1428-2649 | N25: Python | O25: https://github.com/Australian-Text-Analytics-Platform/semantic-tagger | P25: Used to tag a text/corpus so you can extract token level semantic tags from the tagged texts | Q25: csv, xlsx, plain txt; also zip archive with the supported file formats | R25: https://github.com/Australian-Text-Analytics-Platform/semantic-tagger/blob/main/documents/semtag_help_pages.pdf | S25: Jufri, Sony & Sun, Chao (2022). Semantic Tagger. v1.0. Australian Text Analytics Platform. Software. https://github.com/Australian-Text-Analytics-Platform/semantic-tagger | T25: Allows you to tag a text or corpus and extract token-level semantic tags | V25: semantic-tagger.png | W25: https://github.com/Australian-Text-Analytics-Platform/semantic-tagger
A26: ="arcp://name," & SUBSTITUTE(SUBSTITUTE(SUBSTITUTE(E26, " ", ""), "(", ""), ")", "") -> arcp://name,SentimentExplorer | B26: SoftwareApplication | C26: https://w3id.org/ldac/profile#SoftwareTool | D26: =RootDataset!$B$2 -> ./ | E26: Sentiment Explorer | F26: 46123 | I26: =Orgs_People!$A$2 -> https://ror.org/00rqy9422 | J26: =Orgs_People!$A$10 -> https://github.com/SLCLADAL/ladal | L26: =Orgs_People!$A$16 -> https://orcid.org/0000-0003-1923-9153 | N26: R | O26: https://ladal.edu.au/tools.html#jupyter-tools | P26: Allows you to perform a sentiment analysis on your texts and download the results in an MS Excel spreadsheet. | Q26: txt | T26: Scores texts for positive/negative polarity and eight emotion categories using the NRC lexicon | W26: https://ladal.edu.au/tools.html#sentiment-explorer
A27: ="arcp://name," & SUBSTITUTE(SUBSTITUTE(SUBSTITUTE(E27, " ", ""), "(", ""), ")", "") -> arcp://name,SentimentExplorer | B27: SoftwareApplication | C27: https://w3id.org/ldac/profile#SoftwareTool | D27: =RootDataset!$B$2 -> ./ | E27: SentimentExplorer | F27: 46123 | I27: =Orgs_People!$A$2 -> https://ror.org/00rqy9422 | J27: =Orgs_People!$A$10 -> https://github.com/SLCLADAL/ladal | L27: =Orgs_People!$A$16 -> https://orcid.org/0000-0003-1923-9153 | N27: Browser-based | O27: https://ladal.edu.au/tools.html#shiny-tools | P27: NRC word-emotion sentiment analysis | Q27: txt | T27: Scores texts for positive/negative polarity and eight emotion categories using the NRC lexicon | W27: https://ladal.edu.au/tools.html#sentimentexplorer
A28: ="arcp://name," & SUBSTITUTE(SUBSTITUTE(SUBSTITUTE(E28, " ", ""), "(", ""), ")", "") -> arcp://name,TextCleaner | B28: SoftwareApplication | C28: https://w3id.org/ldac/profile#SoftwareTool | D28: =RootDataset!$B$2 -> ./ | E28: Text Cleaner | F28: 46123 | I28: =Orgs_People!$A$2 -> https://ror.org/00rqy9422 | J28: =Orgs_People!$A$10 -> https://github.com/SLCLADAL/ladal | L28: =Orgs_People!$A$16 -> https://orcid.org/0000-0003-1923-9153 | N28: R | O28: https://ladal.edu.au/tools.html#jupyter-tools | P28: Allows you to remove and replace words, tags, and other elements from the text data that you upload (of course you can then download the cleaned texts too) | Q28: txt | T28: Removes or replaces words, tags, URLs and patterns | W28: https://ladal.edu.au/tools.html#text-cleaner
A29: ="arcp://name," & SUBSTITUTE(SUBSTITUTE(SUBSTITUTE(E29, " ", ""), "(", ""), ")", "") -> arcp://name,TextCleaner | B29: SoftwareApplication | C29: https://w3id.org/ldac/profile#SoftwareTool | D29: =RootDataset!$B$2 -> ./ | E29: TextCleaner | F29: 46123 | I29: =Orgs_People!$A$2 -> https://ror.org/00rqy9422 | J29: =Orgs_People!$A$10 -> https://github.com/SLCLADAL/ladal | L29: =Orgs_People!$A$16 -> https://orcid.org/0000-0003-1923-9153 | N29: Browser-based | O29: https://ladal.edu.au/tools.html#shiny-tools | P29: Remove and replace text elements with regex | Q29: txt | T29: Removes and replaces text elements with regex | W29: https://ladal.edu.au/tools.html#textcleaner
A30: ="arcp://name," & SUBSTITUTE(SUBSTITUTE(SUBSTITUTE(E30, " ", ""), "(", ""), ")", "") -> arcp://name,TopicExplorer | B30: SoftwareApplication | C30: https://w3id.org/ldac/profile#SoftwareTool | D30: =RootDataset!$B$2 -> ./ | E30: Topic Explorer | F30: 46123 | I30: =Orgs_People!$A$2 -> https://ror.org/00rqy9422 | J30: =Orgs_People!$A$10 -> https://github.com/SLCLADAL/ladal | L30: =Orgs_People!$A$16 -> https://orcid.org/0000-0003-1923-9153 | N30: R | O30: https://ladal.edu.au/tools.html#jupyter-tools | P30: Allows you to generate your own custom topic models using unsupervised and supervised LDA and download the results in an MS Excel spreadsheet | Q30: txt | T30: Allows you to discover latent themes using LDA topic modelling | W30: https://ladal.edu.au/tools.html#topic-explorer
A31: ="arcp://name," & SUBSTITUTE(SUBSTITUTE(SUBSTITUTE(E31, " ", ""), "(", ""), ")", "") -> arcp://name,TopicDetector | B31: SoftwareApplication | C31: https://w3id.org/ldac/profile#SoftwareTool | D31: =RootDataset!$B$2 -> ./ | E31: TopicDetector | F31: 46123 | I31: =Orgs_People!$A$2 -> https://ror.org/00rqy9422 | J31: =Orgs_People!$A$10 -> https://github.com/SLCLADAL/ladal | L31: =Orgs_People!$A$16 -> https://orcid.org/0000-0003-1923-9153 | N31: Browser-based | O31: https://ladal.edu.au/tools.html#shiny-tools | P31: Unsupervised & seeded LDA topic modelling | Q31: txt | T31: Allows you to discover the thematic structure of a text using LDA topic modelling | W31: https://ladal.edu.au/tools.html#topicdetector
A32: ="arcp://name," & SUBSTITUTE(SUBSTITUTE(SUBSTITUTE(E32, " ", ""), "(", ""), ")", "") -> arcp://name,WordFinder | B32: SoftwareApplication | C32: https://w3id.org/ldac/profile#SoftwareTool | D32: =RootDataset!$B$2 -> ./ | E32: WordFinder | F32: 46123 | I32: =Orgs_People!$A$2 -> https://ror.org/00rqy9422 | J32: =Orgs_People!$A$10 -> https://github.com/SLCLADAL/ladal | L32: =Orgs_People!$A$16 -> https://orcid.org/0000-0003-1923-9153 | N32: Browser-based | O32: https://ladal.edu.au/tools.html#shiny-tools | P32: Keyword-in-context concordancing | Q32: txt | T32: Searches for words or phrases and generates KWIC (Keyword-in-Context) displays | W32: https://ladal.edu.au/tools.html#wordfinder
A33: ="arcp://name," & SUBSTITUTE(SUBSTITUTE(SUBSTITUTE(E33, " ", ""), "(", ""), ")", "") -> arcp://name,WordWebber | B33: SoftwareApplication | C33: https://w3id.org/ldac/profile#SoftwareTool | D33: =RootDataset!$B$2 -> ./ | E33: WordWebber | F33: 46123 | I33: =Orgs_People!$A$2 -> https://ror.org/00rqy9422 | J33: =Orgs_People!$A$10 -> https://github.com/SLCLADAL/ladal | L33: =Orgs_People!$A$16 -> https://orcid.org/0000-0003-1923-9153 | N33: Browser-based | O33: https://ladal.edu.au/tools.html#shiny-tools | P33: Word co-occurrence network visualisation | Q33: xlsx | T33: Builds interactive and static word co-occurrence networks | W33: https://ladal.edu.au/tools.html#wordwebber | Y33: You will need to provide structured data describing the edges and their weights in your network of interest

Sheet Notebooks
A1: @id | B1: .@id | C1: @type | D1: isRef_conformsTo | E1: isRef_conformsTo | F1: isRef_pcdm:memberOf | G1: name | H1: isRef_input | I1: datePublished | J1: .Release Date | K1: .Status | L1: encodingFormat | M1: isRef_publisher | N1: isRef_publisher | O1: isRef_publisher | P1: author | Q1: author | R1: isRef_author | S1: programmingLanguage | T1: url | U1: description | V1: .Data format required | W1: .User guide/help pages (URL) | X1: creditText | Y1: .Short description | Z1: .Long description | AA1: .Image | AB1: .Link to code | AC1: .Example use | AD1: .Other Comments
A2: =T2 -> https://github.com/Supertyp/Anonymising_ELAN_files | B2: ="arcp://name," & SUBSTITUTE(SUBSTITUTE(SUBSTITUTE(G2, " ", ""), "(", ""), ")", "") -> arcp://name,COOEENotebook | C2: SoftwareApplication | D2: https://w3id.org/ldac/profile#SoftwareTool | E2: https://w3id.org/ldac/profile#Notebook | F2: =RootDataset!$B$2 -> ./ | G2: COOEE Notebook | H2: =Collections!A2 -> arcp://name,hdl10.26180~23961609 | I2: 46123 | L2: application/x-ipynb+json | M2: =Orgs_People!$A$3 -> https://ror.org/019wvm592 | P2: "Rosanna Smith" | Q2: "Simon Musgrave" | R2: "River Tae Smith" | S2: Python | T2: https://github.com/Supertyp/Anonymising_ELAN_files | U2: A topic modeling notebook for the cooee collection | V2: RO-Crate | Y2: Topic modelling | AB2: https://github.com/Australian-Text-Analytics-Platform/cooee
A3: =T3 -> https://github.com/Australian-Text-Analytics-Platform/farms-to-freeways | B3: ="arcp://name," & SUBSTITUTE(SUBSTITUTE(SUBSTITUTE(G3, " ", ""), "(", ""), ")", "") -> arcp://name,Farmstofreewaysnotebook | C3: SoftwareApplication | D3: https://w3id.org/ldac/profile#SoftwareTool | E3: https://w3id.org/ldac/profile#Notebook | F3: =RootDataset!$B$2 -> ./ | G3: Farms to freeways notebook | H3: =Collections!A3 -> arcp://name,doi10.4225%2F35%2F555d661071c76 | I3: 45480 | L3: application/x-ipynb+json | M3: https://ror.org/019wvm592 | P3: "Mel Mistica" | S3: Python | T3: https://github.com/Australian-Text-Analytics-Platform/farms-to-freeways | V3: RO-Crate | Y3: demonstration of LDaCA tech using Farms to Freeways dataset and a notebook | AB3: https://github.com/Australian-Text-Analytics-Platform/farms-to-freeways
A4: =T4 -> https://data.ldaca.edu.au/object?_id=https%3A%2F%2Fgithub.com%2FAustralian-Text-Analytics-Platform%2Fnotebook-ausreddit%2Fblob%2Fmain%2Fexploration.ipynb | B4: ="arcp://name," & SUBSTITUTE(SUBSTITUTE(SUBSTITUTE(G4, " ", ""), "(", ""), ")", "") -> arcp://name,AusRedditAggregateDataExplorer | C4: SoftwareApplication | D4: https://w3id.org/ldac/profile#SoftwareTool | E4: https://w3id.org/ldac/profile#Notebook | F4: =RootDataset!$B$2 -> ./ | G4: AusReddit Aggregate Data Explorer | H4: =Collections!A4 -> arcp://name,hdl10.25912~RDF_1754373503052 | L4: application/x-ipynb+json | M4: =Orgs_People!$A$6 -> https://ror.org/03pnv4752 | N4: =Orgs_People!$A$9 -> https://github.com/QUT-Digital-Observatory | P4: "Robert Fleet" | S4: Python | T4: https://data.ldaca.edu.au/object?_id=https%3A%2F%2Fgithub.com%2FAustralian-Text-Analytics-Platform%2Fnotebook-ausreddit%2Fblob%2Fmain%2Fexploration.ipynb | U4: Allows researchers to explore and extract subsets of the AusReddit aggregated frequency data including word usage, ngram (phrase) usage, domains and hashtags over time. | V4: parquet with specific schema | Y4: Explores frequency of word usage over time in Australian subreddits. | AB4: https://github.com/Australian-Text-Analytics-Platform/notebook-ausreddit
A5: =T5 -> https://data.ldaca.edu.au/object?_id=https%3A%2F%2Fgithub.com%2FAustralian-Text-Analytics-Platform%2Fnotebook-twittersphere%2Fblob%2Fmain%2Fexploration.ipynb | B5: ="arcp://name," & SUBSTITUTE(SUBSTITUTE(SUBSTITUTE(G5, " ", ""), "(", ""), ")", "") -> arcp://name,AustralianTwittersphereAggregateDataExplorer | C5: SoftwareApplication | D5: https://w3id.org/ldac/profile#SoftwareTool | E5: https://w3id.org/ldac/profile#Notebook | F5: =RootDataset!$B$2 -> ./ | G5: Australian Twittersphere Aggregate Data Explorer | H5: =Collections!A5 -> arcp://name,hdl10.25912~RDF_1758591652309 | I5: 46123 | L5: application/x-ipynb+json | M5: =Orgs_People!$A$6 -> https://ror.org/03pnv4752 | N5: =Orgs_People!$A$9 -> https://github.com/QUT-Digital-Observatory | P5: "Robert Fleet" | S5: Python | T5: https://data.ldaca.edu.au/object?_id=https%3A%2F%2Fgithub.com%2FAustralian-Text-Analytics-Platform%2Fnotebook-twittersphere%2Fblob%2Fmain%2Fexploration.ipynb | U5: Allows researchers to explore and extract subsets of the Australian Twittersphere aggregated frequency data including word usage, ngram (phrase) usage, domains and hashtags over time. | V5: parquet with specific schema | Y5: Explores frequency of word usage over time in Australian tweets. | AB5: https://github.com/Australian-Text-Analytics-Platform/notebook-twittersphere

Sheet Collections
A1: @id | B1: name | C1: @type
A2: arcp://name,hdl10.26180~23961609 | B2: A COrpus of Oz Early English (COOEE) | C2: RepositoryCollection
A3: arcp://name,doi10.4225%2F35%2F555d661071c76 | B3: Farms to Freeways Example Dataset | C3: RepositoryCollection
A4: arcp://name,hdl10.25912~RDF_1754373503052 | B4: AusReddit aggregated data - Collection | C4: RepositoryCollection
A5: arcp://name,hdl10.25912~RDF_1758591652309 | B5: Australian Twittersphere (AuTS) aggregated data - Collection | C5: RepositoryCollection
